57,Quantity and Size:1,"2"" x 2.75""  50 Pcs",14.65,,,1,,
57,Quantity and Size:1,"2"" x 2.75""  25",10.99,,1,1,,
57,Quantity and Size:1,"3.5"" x 4""  25 Pcs",21.18,,,1,,
57,Quantity and Size:1,"3.5"" x 4""  10",12.71,,,1,,
57,Quantity and Size:1,"6"" x 6""  25 Pcs",45.45,,,1,,
58,Quantity and Size:1,"2.5"" x 3""  50 Pcs",10.00,,,1,,
58,Quantity and Size:1,"2.5"" x 3""  25",7.50,,1,1,,
58,Quantity and Size:1,"3.6"" x 4""  50 Pcs",20.80,,,1,,
58,Quantity and Size:1,"3.6"" x 4""  25",15.60,,,1,,
58,Quantity and Size:1,"3.6"" x 6""  50 Pcs",40.80,,,1,,
58,Quantity and Size:1,"3.6"" x 6""  25",30.60,,,1,,
59,Quantity and Size:1,"4"" x 4""  25 Pcs",11.90,,,1,,
59,Quantity and Size:1,"4"" x 4""  10 pc",7.14,,1,1,,
59,Quantity and Size:1,"4"" x 6""  25 Pcs",12.80,,,1,,
59,Quantity and Size:1,"4"" x 6""  10 pc",7.68,,,1,,
59,Quantity and Size:1,"4"" x 8""  25 Pcs",15.40,,,1,,
59,Quantity and Size:1,"4"" x 8""  10 pc",9.24,,,1,,
59,Quantity and Size:1,"6"" x 6""  25 Pcs",18.95,,,1,,
59,Quantity and Size:1,"6"" x 6""  10 pc",11.37,,,1,,
59,Quantity and Size:1,"4"" x 14""  25 Pcs",30.40,,,1,,
59,Quantity and Size:1,"4"" x 14""  10 pc",18.24,,,1,,
60,Quantity and Size:1,"2"" x 2""  25 Pcs",3.10,,,1,,
60,Quantity and Size:1,"2"" x 2""  each",0.19,,1,1,,
60,Quantity and Size:1,"4"" x 4""  25 Pcs",6.15,,,1,,
60,Quantity and Size:1,"4"" x 4""  each",0.37,,,1,,
61,Quantity and Size:1,"2"" x 2"" 10 Pcs",47.00,,1,1,,
61,Quantity and Size:1,"4"" x 5"" 10 Pcs",73.95,,,1,,
62,Quantity and Size:1,"3"" x 4"" 10 Pcs",44.24,,1,1,,
62,Quantity and Size:1,"3"" x 8"" 10 Pcs",69.88,,,1,,
63,Quantity and Size:1,"6ply Nonsterile 4.5"" x 4.1 yd. 100 Pcs",67.75,,,1,,
63,Quantity and Size:1,"8ply Sterile 4.4"" x 4.1 yd. 25 Pcs",21.20,,1,1,,
64,Quantity and Size:1,"4.5"" x 4.1 yd.  100 Pcs",224.80,,,1,,
64,Quantity and Size:1,"4.5"" x 4.1 yd.  each",3.37,,1,1,,
65,Quantity and Size:1,"2"" x 4.1 yd.  25 Pcs",13.28,,,1,,
65,Quantity and Size:1,"2"" x 4.1 yd.  each",1.33,,1,1,,
65,Quantity and Size:1,"2"" x 4.1 yd.  96 Pcs",34.00,,,1,,
65,Quantity and Size:1,"4.5"" x 4.1 yd. 25 Pcs",17.43,,,1,,
65,Quantity and Size:1,"4.5"" x 4.1 yd.  each",1.74,,,1,,
65,Quantity and Size:1,"4.5"" x 4.1 yd.   96 Pcs",44.63,,,1,,
66,Quantity and Size:1,"4.5"" x 4.1 yd.  100 rolls ",208.00,,1,1,,
67,Quantity and Size:1,"2"" x 2"" 8ply NS 200 Pcs",0.95,,1,1,,
67,Quantity and Size:1,"4"" x 4"" 8ply NS 200 Pcs",3.99,,,1,,
68,Quantity and Size:1,"2"" x 2""  25 Pcs",1.55,,,1,,
68,Quantity and Size:1,"2"" x 2""  each Pcs",0.09,,1,1,,
69,Quantity and Size:1,Tub of 10,1.80,,,1,,
69,Quantity and Size:1,25 Pcs,5.40,,,1,,
69,Quantity and Size:1,2 Pcs,0.22,,1,1,,
70,Quantity and Size:1,"Tub of 10  12ply 4"" x 4""",1.80,,,1,,
71,Quantity and Size:1,50 Pcs,22.50,,,1,,
71,Quantity and Size:1,1 pair,0.45,,,1,,
72,Quantity and Size:1,Small,6.45,,1,1,,
72,Quantity and Size:1,Medium,6.45,,,1,,
72,Quantity and Size:1,Large,6.45,,,1,,
72,Quantity and Size:1,XLarge,6.45,,,1,,
73,Quantity and Size:1,Small,4.65,,1,1,,
73,Quantity and Size:1,Medium,4.65,,,1,,
73,Quantity and Size:1,Large,4.65,,,1,,
73,Quantity and Size:1,XLarge,5.25,,,1,,
74,Quantity and Size:1,"2"" x 2"" Sheet 10 Pcs",55.44,,1,1,,
74,Quantity and Size:1,"4"" x 5"" Sheet 10 Pcs",126.15,,,1,,
74,Quantity and Size:1,"2"" X 2"" adh. border sheet  10 Pcs",65.00,,,1,,
74,Quantity and Size:1,"4.5"" X 4.5""  adh border sheet  10 Pcs",179.48,,,1,,
75,Quantity and Size:1,1.5 oz. Tube 1 Pcs,18.50,,1,1,,
76,Quantity and Size:1,"2"" x 2""  box of 20",53.90,,,1,,
76,Quantity and Size:1,"2"" x 2""  each",4.04,,,1,,
77,Quantity and Size:1,"4"" x 4""  10/case",57.75,,,1,,
77,Quantity and Size:1,"4"" x 4""  each",8.66,,1,1,,
78,Quantity and Size:1,"4"" x 4"" Beveled  10 Pcs",49.50,,,1,,
78,Quantity and Size:1,"4"" x 4"" Beveled  each",7.43,,1,1,,
78,Quantity and Size:1,"6"" x 6"" Beveled  5 Pcs",70.25,,,1,,
78,Quantity and Size:1,"6"" x 6"" Beveled  each",21.08,,,1,,
78,Quantity and Size:1,"6"" x 7"" Border Sacral  5 Pcs",81.60,,,1,,
78,Quantity and Size:1,"4"" x 4"" Thin  10 Pcs",33.90,,,1,,
79,Quantity and Size:1,"Beveled Oval 2.75"" x 3.5"" 5 Pcs",22.60,,,1,,
79,Quantity and Size:1,"Beveled Oval 2.75"" x 3.5""  each",6.78,,,1,,
79,Quantity and Size:1,"Thin Oval 2.75"" x 3.5""  10 Pcs",39.75,,,1,,
79,Quantity and Size:1,"Thin Oval 2.75"" x 3.5""  ",5.96,,1,1,,
79,Quantity and Size:1,"Thin Oval 4"" x 4.75""  10 Pcs",58.70,,,1,,
79,Quantity and Size:1,"Thin Oval 4"" x 4.75"" each",8.80,,,1,,
80,Quantity and Size:1,3 oz. Gel,24.00,,1,1,,
81,Quantity and Size:1,3.0 oz. Tube,26.75,,1,1,,
83,Quantity and Size:1,"4"" x 4""  10 Pcs",38.00,,,1,,
83,Quantity and Size:1,"4"" x 4""  each",5.70,,,1,,
84,Quantity and Size:1,Whole Face 6 Pcs,89.55,,,1,,
84,Quantity and Size:1,Whole Face  each,20.15,,,1,,
84,Quantity and Size:1,Half Face 6 Pcs,67.50,,,1,,
84,Quantity and Size:1,Half Face  each,15.19,, ,1,,
84,Quantity and Size:1,Breast Wrap 6 Pcs,76.50,,,1,,
84,Quantity and Size:1,Breast Wrap  each,17.21,,,1,,
84,Quantity and Size:1,Neck Wrap 6 Pcs,85.50,,,1,,
84,Quantity and Size:1,Neck Wrap  each,19.23,,,1,,
84,Quantity and Size:1,"4"" x 4"" 30 Pcs",158.63,,,1,,
84,Quantity and Size:1,"4"" x 4""  each",7.15,,1,1,,
84,Quantity and Size:1,"5"" x 9"" 30 Pcs",202.50,,,1,,
84,Quantity and Size:1,"5"" x 9""  each",9.15,,,1,,
85,Quantity and Size:1,3 oz. 1 Pcs,23.20,,1,1,,
86,Quantity and Size:1,0.50 oz.  one tube,9.00,,1,1,,
86,Quantity and Size:1,0.50 oz. 10 Pcs,60.00,,,1,,
87,Quantity and Size:1,3 oz.  one,25.80,,1,1,,
88,Quantity and Size:1,0.50 oz.  one tube,5.21,,1,1,,
88,Quantity and Size:1,0.50 oz. 5 Pcs,52.10,,,1,,
89,Quantity and Size:1,"5"" x 9""  50 Pcs",62.35,,1,1,,
90,Quantity and Size:1,"4"" x 4"" 25 Pcs",26.20,,,1,,
90,Quantity and Size:1,"4"" x 4""  10  Pcs",15.72,,1,1,,
90,Quantity and Size:1,"5"" x 9""  50 Pcs",60.75,,,1,,
90,Quantity and Size:1,"5"" x 9""  25  Pcs",45.55,,,1,,
91,Quantity and Size:1,"2"" x 2""  30 Pcs",41.60,,,1,,
91,Quantity and Size:1,"2"" x 2""  each",2.08,,1,1,,
91,Quantity and Size:1,"4"" x 4""  30 Pcs",41.60,,,1,,
91,Quantity and Size:1,"4"" x 4""  each",2.08,,,1,,
91,Quantity and Size:1,"8"" x 8""  30 Pcs",62.80,,,1,,
92,Quantity and Size:1,"3"" x 3""  50 Pcs",24.64,,,1,,
92,Quantity and Size:1,"3"" x 3""  25  Pcs",18.48,,1,1,,
92,Quantity and Size:1,"3"" x 8""  24 Pcs",29.20,,,1,,
92,Quantity and Size:1,"3"" x 8""  12  Pcs",21.90,,,1,,
93,Quantity and Size:1,"1"" x 8""  50 Pcs",83.05,,,1,,
93,Quantity and Size:1,"1"" x 8""  each",2.50,,1,1,,
93,Quantity and Size:1,"3"" x 9""  12 Pcs",14.45,,,1,,
94,Quantity and Size:1,"5"" x 9""  50 Pcs",53.90,,1,1,,
95,Quantity and Size:1,"3"" x 3""  50 Pcs",25.40,,,1,,
95,Quantity and Size:1,"3"" x 3""  25  Pcs",19.05,,,1,,
95,Quantity and Size:1,"3"" x 8""  24 Pcs",22.45,,,1,,
95,Quantity and Size:1,"3"" x 8""  12  Pcs",16.84,,1,1,,
96,Quantity and Size:1,"2"" x 2"" 10 Pcs",47.00,,1,1,,
96,Quantity and Size:1,"4"" x 5"" 10 Pcs",73.95,,,1,,
97,Quantity and Size:1,"2"" x 3""  100 Pcs",9.90,,,1,,
97,Quantity and Size:1,"2"" x 3""  25  Pcs",3.71,,1,1,,
97,Quantity and Size:1,"3"" x 4""  50 Pcs",9.10,,,1,,
97,Quantity and Size:1,"3"" x 4""  25  Pcs",6.83,,,1,,
98,Quantity and Size:1,"1/4"" x 5 yd.  Iodine 12 Pcs",39.99,,,1,,
98,Quantity and Size:1,"1/4"" x 5 yd.  Iodine  each bottle",5.00,,,1,,
98,Quantity and Size:1,"1/2"" x 5 yd.  Iodine 12 Pcs",41.58,,,1,,
98,Quantity and Size:1,"1/2"" x 5 yd.  Iodine  each",5.20,,,1,,
98,Quantity and Size:1,"1/4"" x 5 yd.  Plain12 Pcs",35.64,,,1,,
98,Quantity and Size:1,"1/4"" x 5 yd.  Plain  each",4.46,,1,1,,
98,Quantity and Size:1,"1/2"" x 5 yd.  Plain 12 Pcs",36.63,,,1,,
98,Quantity and Size:1,"1/2"" x 5 yd.  Plain  each",4.58,,,1,,
99,Quantity and Size:1,8 oz. bottle,15.78,,1,1,,
100,Quantity and Size:1,5 oz. tube,17.98,,1,1,,
101,Quantity and Size:1,3.25 oz.,6.98,,1,1,,
102,Quantity and Size:1,4 oz. tube,8.00,,1,1,,
103,Quantity and Size:1,25 Pcs,34.65,,1,1,,
104,Quantity and Size:1,1 Pcs,84.55,,1,1,,
105,Quantity and Size:1,12 6 oz. bottles,180.00,,1,1,,
106,Quantity and Size:1,100 Pcs,115.50,,1,1,,
107,Quantity and Size:1,50 Pcs,19.85,,1,1,,
108,Quantity and Size:1,"1"" x 10 yd.  12 Pcs",13.00,,,1,,
108,Quantity and Size:1,"1"" x 10 yd. each",1.62,,1,1,,
108,Quantity and Size:1,"2"" x 10 yd.  6 Pcs",13,,,1,,
108,Quantity and Size:1,"2"" x 10 yd.  each",3.25,,,1,,
109,Quantity and Size:1,"2"" x 10 yd  6 Pcs",11.4,,,1,,
109,Quantity and Size:1,"2"" x 10 yd  each",2.85,,,1,,
110,Quantity and Size:1,1 roll,14.29,,1,1,,
111,Quantity and Size:1,"2"" 1 Pcs",7.52,,1,1,,
111,Quantity and Size:1,"3"" 1 Pcs",10.8,,,1,,
111,Quantity and Size:1,"4"" 1 Pcs",16.45,,,1,,
111,Quantity and Size:1,"6"" 1 Pcs",21.34,,,1,,
112,Quantity and Size:1,"2"" x 11 yd. 1 Pcs",6.46,,1,1,,
112,Quantity and Size:1,"4"" x 11 yd. 1 Pcs",11.98,,,1,,
113,Quantity and Size:1,"1"" x 10 yd.  12 Pcs",9.28,,,1,,
113,Quantity and Size:1,"1"" x 10 yd.  each",0.95,,1,1,,
113,Quantity and Size:1,"2"" x 10 yd.  6 Pcs",9.28,,,,,
113,Quantity and Size:1,"2"" x 10 yd.  each",1.82, ,,,,
113,Quantity and Size:1,"3"" x 10 yd.  4 Pcs",6.98,,,,,
113,Quantity and Size:1,"3"" x 10 yd.  each",1.88,,,,,
114,Quantity and Size:1,"1"" x 10 yd.  6 Pcs",5,,,,,
114,Quantity and Size:1,"1"" x 10 yd.  each",1.25,,1,,,
114,Quantity and Size:1,"2"" x 10 yd.  6 Pcs",5.22,,,,,
114,Quantity and Size:1,"2"" x 10 yd.  each",1.32,,,,,
114,Quantity and Size:1,"3"" x 10 yd.  12 Pcs",18.08,,,,,
114,Quantity and Size:1,"3"" x 10 yd.  each",2.26,,,,,
115,Quantity and Size:1,"50 Rolls 2""x 1.5 yd.",130.5,,,,,
116,Quantity and Size:1,"1"" x 10 yd. 12 Pcs",18.62,,,,,
116,Quantity and Size:1,"1"" x 10 yd.  each",1.75,,1,,,
116,Quantity and Size:1,"2"" x 10 yd.  6 Pcs",18.62,,,,,
116,Quantity and Size:1,"2"" x 10 yd.  each",3.55,,,,,
116,Quantity and Size:1,"3"" x 10 yd.  4 Pcs",18.56,,,,,
116,Quantity and Size:1,"3"" x 10 yd.  each",4.96,,,,,
117,Quantity and Size:1,"2"" x 10 yd.  6 Pcs",14.4,,,,,
117,Quantity and Size:1,"2"" x 10 yd.  each",3.6,,1,,,
118,Quantity and Size:1,"1"" x 5 yd. 1 Pcs",6.6,,1,,,
118,Quantity and Size:1,"4"" x 5 yd. 1 Pcs",24.25,,,,,
119,Quantity and Size:1,"2"" x 5 yd. Qty: 10",21.00,,1,,,
119,Quantity and Size:1,"2"" x 5 yd. 36 Pcs",66.47,,,,,
119,Quantity and Size:1,"4"" x 5 yd. Qty: 10",32.00,,,,,
119,Quantity and Size:1,"4"" x 5 yd. 18 Pcs",53.80,,,,,
120,Quantity and Size:1,L 5 Pcs,3.45,,1,,,
120,Quantity and Size:1,L 100 Pcs,68.25,,,,,
120,Quantity and Size:1,XL 5 Pcs,33.58,,,,,
120,Quantity and Size:1,XL 100 Pcs,71.65,,,,,
120,Quantity and Size:1,2X 5 Pcs,3.98,,,,,
120,Quantity and Size:1,2X 100 Pcs,79.50,,,,,
120,Quantity and Size:1,3X 5 Pcs,4.40,,,,,
120,Quantity and Size:1,3X 100 Pcs,87.98,,,,,
120,Quantity and Size:1,4X 5 Pcs,5.10,,,,,
120,Quantity and Size:1,4X 100 Pcs,101.18,,,,,
121,Quantity and Size:1,Head and Shoulder and Thigh  Small,46.20,,1,,,
121,Quantity and Size:1,Head and Shoulder and Thigh  Med,46.20,,,,,
121,Quantity and Size:1,Head and Shoulder and Thigh  Large,46.20,,,,,
121,Quantity and Size:1,Back Perineum and Axilla   Small,46.20,,,,,
121,Quantity and Size:1,Back Perineum and Axilla  Med,46.20,,,,,
121,Quantity and Size:1,Back Perineum and Axilla Large,46.20,,,,,
121,Quantity and Size:1,Back Perineum and Axilla  XL,46.20,,,,,
122,Quantity and Size:1,"4"" x 4.5 yd. 18 Pcs",25.20,,,,,
122,Quantity and Size:1,"6"" x 4.5 yd. 10 Pcs",19.65,,1,,,
123,Quantity and Size:1,"2"" x 5 yd.  36 Pcs",57.15,,,,,
123,Quantity and Size:1,"2"" x 5 yd.  each",2.38,,1,,,
123,Quantity and Size:1,"4"" X 5 yd.  18 Pcs",53.00,,,,,
123,Quantity and Size:1,"4"" X 5 yd.  each",4.42,,,,,
124,Quantity and Size:1,sm finger and toe  25 yd. stretched Pcs,5.05,,1,,,
124,Quantity and Size:1,adult finger and toe  25 yd. stretched Pcs,6.65,,,,,
124,Quantity and Size:1,fingers and toes and wrist  50 yd. stretched,16.40,,,,,
124,Quantity and Size:1,fingers and toes and wrists   25 yd. stretched Pcs,7.50,,,,,
124,Quantity and Size:1,sm hand and arm and leg  25 yd. stretched Pcs,8.10,,,,,
124,Quantity and Size:1,med hand and arm and leg  25 yd. stretched Pcs,9.95,,,,,
124,Quantity and Size:1,lg hand and arm and leg  25 yd. stretched Pcs,12.05,,,,,
124,Quantity and Size:1,sm head and shoulder and thigh  25 yd. stretched,13.98,,,,,
124,Quantity and Size:1,lg lhead and shoulder and thigh  sm chest and back and perineum and axilla  25 yd. stretched Pcs,16.30,,,,,
124,Quantity and Size:1,sm chest and back and perineum and axilla  25 yd. stretched,18.85,,,,,
124,Quantity and Size:1,med chest and back and perineum and axilla  25 yd. stretched Pcs,27.38,,,,,
124,Quantity and Size:1,MT09  lg chest and back and perineum and axilla   25 yd. stretched Pcs,35.05,,,,,
124,Quantity and Size:1,MT10 XL chest and back and perineum and axilla   25 yd. stretched Pcs,50.94,,,,,
124,Quantity and Size:1,MT11  XXL chest and back and perineum and axilla  25 yd. stretched Pcs,62.85,,,,,
124,Quantity and Size:1,MT12  3X chest and back and perineum and axilla  25 yd. stretched Pcs,69.10,,,,,
124,Quantity and Size:1,"MT22  circumference stretch to 80""   25 yd. stretched Pcs",97.65,,,,,
125,Quantity and Size:1,"KE1238  3""x8""  50 Pcs",13.10,, ,,,
125,Quantity and Size:1,"KE1238  3""x8""  25 pieces",9.83,,1,,,
126,Quantity and Size:1,"270600  2.4"" X 2.8"" 100 Pcs",41.60,,,,,
126,Quantity and Size:1,"271500  4"" x 5"" 70 Pcs",97.00,,,,,
126,Quantity and Size:1,"272500  4"" x 10"" 70 Pcs",56.00,,,,,
126,Quantity and Size:1,"273000  6"" x 8.5"" 10 Pcs",26.00,,1,,,
127,Quantity and Size:1,"ZDTF238234  2 3/8"" x 2 3/4"" 100 Pcs",38.00,,,,,
127,Quantity and Size:1,"ZDTF238234  2 3/8"" x 2 3/4""  20 pieces",11.40,,,,,
127,Quantity and Size:1,"ZDTF4434  4"" x 4 3/4"" 50 Pcs",71.00,,,,,
127,Quantity and Size:1,"ZDTF4434  4"" x 4 3/4""  20 pieces",42.60,,,,,
127,Quantity and Size:1,"ZDTF68  6"" x 8""  10 Pcs",31.35,,,,,
127,Quantity and Size:1,"ZDTF68  6"" x 8""  each",4.70,,1,,,
128,Quantity and Size:1,"1634  2 3/8"" x 2 3/4"" 100 Pcs",56.00,,,,,
128,Quantity and Size:1,"1634  2 3/8"" x 2 3/4""  20 pieces",16.80,,,,,
128,Quantity and Size:1,"1626W  4"" x 4 3/4"" 50 Pcs",95.00,,,,,
128,Quantity and Size:1,"1626W  4"" x 4 3/4""  20 pieces",57.00,,,,,
128,Quantity and Size:1,"1628  6"" x 8"" 10 Pcs",43.00,,,,,
128,Quantity and Size:1,"1628  6"" x 8"" each piece",6.45,,1,,,
129,Quantity and Size:1,"46302  2.5"" x 2.75""  100 Pcs",61.60,,,,,
129,Quantity and Size:1,"46302  2.5"" x 2.75""  20 pcs.",18.48,,1,,,
129,Quantity and Size:1,"46303  4"" x 4.75""  50 Pcs",86.25,,,,,
129,Quantity and Size:1,"46303  4"" x 4.75""  25 pieces",64.69,, ,,,
130,Quantity and Size:1,57516  16 oz. bottle,12.62,,1,,,
130,Quantity and Size:1,57516  12 Pcs,152.44,,,,,
131,Quantity and Size:1,ZRWC8  8 oz. bottle,7.28,,1,,,
132,Quantity and Size:1,45P10  10 cc.,13.45,,1,,,
133,Quantity and Size:1,DR467701  45 gram tube,24.08,,1,,,
